{
  "city": "München",
  "cityAGS": 3534,
  "map": {
    "maxBounds": [
      [10.8, 47.398349],
      [12.3, 48.7]
    ],
    "zoom": 7,
    "center": [11.6333666, 48.0773529]
  }
}
